35.295716,138.6524802,marker/water.png,<center><a href='http://shibakin.g1.xrea.com/banba/html5/banba.html' target='_blank'>バンバ穴（姥捨て穴）(360度パノラマ写真)</a></center>口減らしのために老人を捨てたという「姥捨て伝説」が今も残っています。実際に捨てられた人の名前、墓所、菩提寺が明らかで、明治時代まであったと言う人もいるくらい多くの人が聞き伝えており、話は現実味をもっています。穴の入り口は７ｍ位と小さく、下は間口が徐々に広がっており穴の深さは20ｍ位あります。
35.3422068,138.5549777,marker/water.png,<center><a href='http://shibakin.g1.xrea.com/tanukiko2/html5/Project34.html' target='_blank'>雨の日の東屋(360度パノラマ写真)</a></center>雨の日は、ひと気はありません。静かな雰囲気が好きな人にはお勧めです。
35.3518973,138.5562272,marker/water.png,<center><a href='http://shibakin.g1.xrea.com/kodanuki/html5/Project33.html' target='_blank'>小田貫湿原(360度パノラマ写真)</a></center>田貫湖のすぐ近くにある富士山周辺では唯一の湿原です。面積は約2ha、湿原に整備された木道を歩くことが出来ます。湿原にある様々な池は、かつてこの地に埋没していた神代杉を採掘した跡だそうです。基底には古富士泥流が分布し、その上を新富士火山の黒土層が覆っています。
35.2785417,138.5858448,marker/water.png,<center><a href='http://shibakin.g1.xrea.com/taisekiji2/html5/Project33.html' target='_blank'>中央塔中参道(360度パノラマ写真)</a></center>三門と奉安堂の間には3本の参道があり、参道の両側には坊という小さなお寺が建ち並びます。北東側の５カ所の坊が東塔中、西側の３カ所の坊が西塔中、中央の１２カ所の坊を中央塔中と呼んでいます。中央塔中の石畳の両脇には富士山の湧き水が流れ、春には桜が咲き誇ります。
35.2817653,138.5907074,marker/water.png,<center><a href='http://shibakin.g1.xrea.com/gozyu2/html5/Project16.html' target='_blank'>五重塔(360度パノラマ写真)</a></center>大石寺の建物は全て南向きに建てられていますが、この建物は「日蓮の仏法は東から西（日本から中国・インド）に広まる」という教えを受け、大石寺境内で唯一西向き（中国・インド向き）に立てられています。高さ34mで1749年に建立されました。1966年には国の重要文化財に指定されました。
35.4118151,138.5908346,marker/water.png,<center><a href='http://shibakin.g1.xrea.com/afpark/html5/Project33.html' target='_blank'>朝霧フードパーク(360度パノラマ写真)</a></center>富士宮市内の食品関連会社6社でつくる協同組合が運営する「自然」と「食」のテーマパーク（入場無料）です。地元農産物の加工や最新技術を駆使した製造工場を公開し、併せて観光客への体験プログラムや製品の直販も行っています。また施設内のレストランでは地元産の食材を利用したメニューを楽しめます。
35.232555,138.640363,marker/water.png,<center><a href='http://shibakin.g1.xrea.com/tyukon2/html5/Project33.html' target='_blank'>報国忠魂之碑（日中）(360度パノラマ写真)</a></center>太平洋戦争の戦没者を祀っている場所です。茶畑の中にあり眺めが良い場所です。
35.2627825,138.5286454,marker/water.png,<center><a href='http://shibakin.g1.xrea.com/koremori/html5/Project33.html' target='_blank'>平惟盛の墓(360度パノラマ写真)</a></center>平維盛（これもり）は平清盛の孫です。平家の落人伝説は各地にありますが、富士川の戦いで逃げた多くの平家が富士宮市（旧芝川町）の稲子の里に落ちのびたようで、この町には平家窪、じがい沢、矢沢等の地名が残っています。またこの地における伝説では、維盛が入水自殺したというのは流言で、頼朝による残党狩りから逃れる為に家来が多く逃げ隠れていた稲子の地に移り、清水姓を名乗り平家復活を計画し、維盛没後この地に墓が建てられたとされています。
35.245548,138.634856,marker/water.png,<center><a href='http://shibakin.g1.xrea.com/ooiwa/html5/Project33.html' target='_blank'>大岩堤(360度パノラマ写真)</a></center>大岩堤は滝沢川の水を取り込んだ農業用の貯水池で江戸時代中期の1772年に完成した歴史の古い池です。池にはカモが泳いでおり、フナ釣りも楽しむことが出来ます。 春には桜が、6月にはホタルを見ることが出来ます。現在はＮＰＯビオトープ大岩が中心となって整備・管理され地域活動の拠点となっています。 
35.2506891,138.5794437,marker/water.png,<center><a href='http://shibakin.g1.xrea.com/mizukubo/html5/Project33.html' target='_blank'>水久保池(360度パノラマ写真)</a></center>昔から富士宮市青木の水田は芝川から水を引いていましたが、芝川の末端に位置していたため、干ばつになると、水を田んぼに引くことが出来ず、大変苦労しておりました。1854年の安政元年におこった大地震の地殻変動により芝川からの水が更に減り、困った農民達は、もともと窪地だったこの地を、川の水だけでなく、雨水も貯めることが出来るように、ため池を造成しました。
35.2223422,138.660085,marker/water.png,<center><a href='http://shibakin.g1.xrea.com/takinoue/html5/Project33.html' target='_blank'>滝ノ上の不動尊(360度パノラマ写真)</a></center>普段はチョロチョロとしか流れていませんが「杉田大滝」と呼ばれる場所があります。この場所は安養寺の住職であった恩智養宗（おんちようそう）和尚が生活用水の水源地として開発した場所で、沢に降りる途中の岩屋には不動明王像が祀られています。 
35.2569987,138.5331678,marker/water.png,<center><a href='http://shibakin.g1.xrea.com/yutorio/html5/Project33.html' target='_blank'>稲子川とユートリオ(360度パノラマ写真)</a></center>プールやバーべキュウ施設もある市営の温泉ですが、設備の改修工事のため現在運休中です。
35.2369308,138.5645594,marker/water.png,<center><a href='http://shibakin.g1.xrea.com/nishiyama3/html5/Project33.html' target='_blank'>西山本門寺の銀杏(360度パノラマ写真)</a></center>参道を抜けると、左側に樹齢３００年といわれている大きな２本の銀杏の木があり、この銀杏に負けない大きさの本堂、鐘楼があります。晩秋になると、落ち葉で一面が黄金色になり、ここで「信長公黄葉祭り」が行われます。
35.2376959,138.5642134,marker/water.png,<center><a href='http://shibakin.g1.xrea.com/kubituka/html5/Project33.html' target='_blank'>西山本門寺の首塚(360度パノラマ写真)</a></center>織田信長の首を納めたと伝えられている場所で、その横には静岡県の天然記念物に指定されている樹齢４５０年～５００年のヒイラギの木が植えられています。
35.2303411,138.5647157,marker/water.png,<center><a href='http://shibakin.g1.xrea.com/nishiyama2/html5/Project33.html' target='_blank'>西山本門寺の黒門(360度パノラマ写真)</a></center>1343年、日代が開山しました。 上条大石寺、北山本門寺、下条妙蓮寺、小泉久遠寺とともに日興門流の「富士五山」を構成します。現在は単立の宗教法人となり、宗名を法華宗興門流と称しています。徳川家の時代になると２０世日圓が水戸徳川家の出身という縁もあって、水戸光圀の寄進を受けて現在の姿になりました。
35.2074479,138.5936971,marker/water.png,<center><a href='http://shibakin.g1.xrea.com/marishiten2/html5/Project3.html' target='_blank'>摩利子天塚(360度パノラマ写真)</a></center>大きさは周囲６４ｍ、高さ８ｍ程あります。この塚は明治35年、沼久保に住んでいた佐野幸左衛門という人が、拾ってきた石を積み上げ摩利支天や馬頭観音を祀った場所です。 
35.2790833,138.7099565,marker/water.png,<center><a href='http://shibakin.g1.xrea.com/tensyou/html5/Project33.html' target='_blank'>富士山天照教社(360度パノラマ写真)</a></center>ここには日本最大最古の人魚のミイラが祀られています。その人魚ミイラは、身長約170㎝、56歳の男性であり、今から約1300年前に聖徳太子が琵琶湖で発見しと伝えられています。
35.3134824,138.5901779,marker/water.png,<center><a href='http://shibakin.g1.xrea.com/soga/kakureiwa/html5/Project33.html' target='_blank'>曽我兄弟の隠れ岩(360度パノラマ写真)</a></center>曽我兄弟が討ち入りの相談を祐経の陣所の近くのこの岩陰に身をひそめて行ったと言われています。
35.303639,138.5990076,marker/water.png,<center><a href='http://shibakin.g1.xrea.com/soga/reichi/html5/Project33.html' target='_blank'>曽我兄弟の霊地(360度パノラマ写真)</a></center>曽我八幡宮東の小高い丘の上に曽我兄弟の墓があり、この近くに新田四郎忠常の陣所が置かれていました。仇討ちを果たした後、曽我兄弟は騒ぎを聞きつけて集まってきた御家人に取囲まれ、兄の十郎はこの辺りで新田四郎忠常に討たれ、五郎は女装した五郎丸によって捕らえられました。
35.3132059,138.5915568,marker/water.png,<center><a href='http://shibakin.g1.xrea.com/soga/kudou/html5/Project33.html' target='_blank'>工藤祐経の墓(360度パノラマ写真)</a></center>源頼朝による富士の巻狩りが行われた際、このあたりに工藤祐経の陣所がありました。曾我兄弟は工藤祐経の寝所に押し入り、寝ていた祐経を討ち果たしました。
35.3042128,138.5969593,marker/water.png,<center><a href='http://shibakin.g1.xrea.com/soga/hatimangu/html5/Project33.html' target='_blank'>曽我八幡宮(360度パノラマ写真)</a></center>源頼朝は若い頃、流人として辛い日々を過ごしたこともあり、親を思う子の気持ちに強く感動し、事件から4年後の1197年（建久8年）、曽我兄弟を祭る神社をこの地に建てました。
35.2646664,138.5873618,marker/water.png,<center><a href='http://shibakin.g1.xrea.com/houzyubashi/html5/Project33.html' target='_blank'>宝珠橋の公園(360度パノラマ写真)</a></center>大石寺に向う途中に懸かる宝珠橋近くの公園です。あまり知られておらず、利用者も稀ですが、東屋から河原に降りられる階段もあり、川魚（ハヤ）も釣れるようです。
35.3662079,138.5610142,marker/water.png,<center><a href='http://shibakin.g1.xrea.com/jinba/html5/Project33.html' target='_blank'>陣馬の滝(360度パノラマ写真)</a></center>陣馬の滝は富士宮市猪之頭の五斗目木川にかかる滝で、芝川に通じています。源頼朝が富士の巻狩りで近くに陣を張ったことからその名前があります。
35.3261452,138.5763661,marker/water.png,<center><a href='http://shibakin.g1.xrea.com/uchino/html5/Project33.html' target='_blank'>芝川（内野大橋付近）(360度パノラマ写真)</a></center>芝川が流れる富士宮市内野大橋周辺は、昔話「鬼のいない村」の舞台となった場所です。近くの「鬼橋」は鬼が鉄砲で撃たれた場所で、「足形（あしがた）」は撃たれた鬼の足跡がついた場所だそうです。この足形とは、水の作用で小石が川底の岩をえぐってつくったくぼみ（ポットホール）です。 
35.3001305,138.5774126,marker/water.png,<center><a href='http://shibakin.g1.xrea.com/asahi/html5/Project33.html' target='_blank'>朝日滝(360度パノラマ写真)</a></center>半野川から流れ落ちる朝日滝は高さ15～20ｍ位で富士宮市・熊久保農村公園の中にあり、水量も豊富です。公園には駐車場、水洗トイレ、東屋が整備されており滝の横の階段を登ると滝見台もあります。半野川の水は朝日滝の滝壺の隣にある東京発電の半野発電所で利用されています。
35.369778,138.566326,marker/water.png,<center><a href='http://shibakin.g1.xrea.com/masu/html5/Project33.html' target='_blank'>富士養鱒場(360度パノラマ写真)</a></center>富士養鱒場は静岡県が運営するニジマスを中心とする淡水性マス類の養殖研究施設で昭和８年に開設された歴史のある施設です。敷地内には釣り堀（有料）がありニジマス釣りが楽しめます。この場所は標高も約700mと高く、川沿いの日陰は気温も下がっていて気持ちよくニジマス釣りが楽しめます。
35.2480344,138.5570296,marker/water.png,<center><a href='http://shibakin.g1.xrea.com/shibakawa/html5/Project33.html' target='_blank'>芝川（柚野）(360度パノラマ写真)</a></center>芝川は猪之頭湧水群を水源に、富士宮市内で富士川に合流する渓流。シーズンを通して水温が安定しており、漁協によりアマゴとニジマスが放流されています。
35.3024815,138.5697355,marker/water.png,<center><a href='http://shibakin.g1.xrea.com/ookurakawa/html5/Project21.html' target='_blank'>大倉川ダム(360度パノラマ写真)</a></center>防災用として造られたダムで、普段はご覧の通り水は殆どたまっていません。「狩宿の下馬桜」から徒歩で30分（２ｋｍ）くらいのところにあります。
35.2617321,138.6562835,marker/water.png,<center><a href='http://shibakin.g1.xrea.com/yamatuji/html5/Project33.html' target='_blank'>山辻の石畳(360度パノラマ写真)</a></center>富士登山道として最古の村山道は1707年に起きた宝永噴火により山道等が全壊し、また富士山信仰の拠点であった村山浅間神社も1868年の神仏分離令、明治初年の修験道廃止令によって大きな影響を受け、富士登山道として衰退してしまいました。この写真の「山辻（やまつじ）の石畳」は急な坂道が雨に流されないように石畳としたようです。
35.3136333,138.6053415,marker/water.png,<center><a href='http://shibakin.g1.xrea.com/wakajishi/html5/Project33.html' target='_blank'>若獅子神社(360度パノラマ写真)</a></center>若獅子神社はこの地にあった陸軍少年戦車兵学校の出身教官・生徒あわせて約4000名のうち、太平洋大戦で亡くなった600余名の御霊を祭った神社です。境内にはサイパンから引き上げられた戦車が置かれており、 運営は、この学校の出身者や有志によって行われています。 
35.2803187,138.638299,marker/water.png,<center><a href='http://shibakin.g1.xrea.com/anmonoyu/html5/Project33.html' target='_blank'>天母の湯(360度パノラマ写真)</a></center>富士宮市には市が管理(運営は指定管理者）する温泉施設が2箇所あります。ひとつは天母山（あんもやま）にある「天母の湯」、もうひとつは稲子にある「新稲子川温泉ユー・トリオ」という施設です。ここの施設では、隣にある市の焼却場から排出される廃熱を利用しています。
35.1924604,138.595486,marker/water.png,<center><a href='http://shibakin.g1.xrea.com/hourai/html5/Project33.html' target='_blank'>水辺楽校(360度パノラマ写真)</a></center>富士川を挟んで富士宮市と富士市を結ぶ蓬莱橋の横に公園があります。遊具類はありませんが、大きな芝生広場と富士川の河原、それと池があります。この池にはブラックバスや雷魚もいるようです。またバードウォッチングをする年配の方の姿も多く見かけます。ここの河原は富士川ラフティングの終点地としても利用されています。
35.3446219,138.5971489,marker/water.png,<center><a href='http://shibakin.g1.xrea.com/harness/html5/Project33.html' target='_blank'>富士ハーネス団結の碑(360度パノラマ写真)</a></center>ここは日本国中を震撼させたオウム真理教の教団本部があった場所としても有名になりました。この地はその後、日本盲導犬協会の「富士ハーネス」という一般見学が可能な盲導犬の訓練施設になっています。この施設の駐車場の片隅には、オウム真理教の撤退を求めて戦った「団結の碑」が建てられております。
35.2762394,138.6084973,marker/water.png,<center><a href='http://shibakin.g1.xrea.com/kitayama/html5/Project33.html' target='_blank'>北山本門寺本堂(360度パノラマ写真)</a></center>このお寺には、大きな五重の塔があったようですが火災により焼失したようです。その模型が境内にあります。昔は相当な勢力があったことが想像できます。
35.1996008,138.5587891,marker/water.png,<center><a href='http://shibakin.g1.xrea.com/kamaguchi/html5/Project33.html' target='_blank'>富士川釜口峡(360度パノラマ写真)</a></center>富士川の中でも急激に川幅が狭まくなり急流となっている箇所で、昔の河川舟運にとっては富士川の最大の難所といわれた場所です。
35.1806853,138.6096935,marker/water.png,<center><a href='http://shibakin.g1.xrea.com/kazenomiya2/html5/Project33.html' target='_blank'>風の宮公園(360度パノラマ写真)</a></center>昼間もいいですが、見るならやはり夜景が絶対お薦めです。
35.1882418,138.6514472,marker/water.png,<center><a href='http://shibakin.g1.xrea.com/soga/tera/html5/Project33.html' target='_blank'>曽我寺(360度パノラマ写真)</a></center>「曽我兄弟の仇討ち」事件で、兄の十郎は白糸の滝近くで敵に討たれましたが、弟の五郎は捕らえられて頼朝の面前で事の顛末を語った後、この鷹ヶ丘の「五郎の首洗い井戸」と伝わる場所で首を討たれとされています。 曽我寺には境内参道右側に曽我兄弟を葬る墓と、堂内に木像、位牌が安置されております。
35.1922055,138.5907031,marker/water.png,<center><a href='http://shibakin.g1.xrea.com/hourai2/html5/Project33.html' target='_blank'>増水した富士川(360度パノラマ写真)</a></center>逢来橋は昭和26年に初代の橋が富士川のこの地に架かりました。初代の橋は昭和２８年の台風で流出、昭和３４年にはコンクリート製の２代目逢来橋が完成し、それと同時に渡舟が廃止されました。現在の橋は3代目で平成11年に完成、富士川の急流に流されないように川の中に橋脚を持たない全長186mの吊り橋となっています。 
35.1397414,138.7021779,marker/water.png,<center><a href='http://shibakin.g1.xrea.com/fujituka/html5/Project33.html' target='_blank'>富士塚(360度パノラマ写真)</a></center>この富士塚は、江戸時代を中心として、付近の海岸でみそぎをした富士山登拝者が、 海岸から石を運び込んで修行のはらいをした場所と伝えられています。
34.6019464,138.8461718,marker/water.png,<center><a href='http://shibakin.g1.xrea.com/irouzaki/html5/Project33.html' target='_blank'>石廊崎(360度パノラマ写真)</a></center>伊豆半島最南端の岬、大海原を見おろす白亜の石廊埼灯台、海の安全を見守る石室神社、縁結びの熊野神社がある。眼下には、荒々しい波が打ちつける断崖絶壁、迫力満点の伊豆の秘境です。
35.2813609,138.5859605,marker/water.png,<center><a href='http://shibakin.g1.xrea.com/taisekiji4/html5/Project33.html' target='_blank'>大石寺の御影堂(360度パノラマ写真)</a></center>大石寺では現存する最古の建造物で大石寺の宝物類（日蓮大聖人書写本尊を模刻、日蓮等身大の御影像等）が安置されている。
35.2800233,138.5850536,marker/water.png,<center><a href='http://shibakin.g1.xrea.com/taisekiji3/html5/Project33.html' target='_blank'>大石寺の客殿(360度パノラマ写真)</a></center>この建物では毎朝午前2時30分（丑寅の刻）から、法主上人が、世界中に法華経を広めるための祈念（広宣流布）を行う他、種々の法要が営まれます。客殿の正面には不開門（あかずのもん）は、が建てられており、広宣流布の暁まで開かれることのない門としてこの名があります。
35.3329439,138.8046328,marker/water.png,<center><a href='http://shibakin.g1.xrea.com/boac/html5/Project33.html' target='_blank'>BOAC遭難者慰霊碑(360度パノラマ写真)</a></center>昭和41年3月、富士山上空の乱気流により英国航空機（ＢＯＡＣ）ボーイング７０７型機が空中分解しこの地に墜落しました。前日の雨で富士山を見ることが出来なかった外国人観光客のために機長がサービスで有視界飛行に切り替えこの事故に遭遇しました。犠牲者は１２４人で御殿場市太郎坊に慰霊碑があります。
35.275398,138.6082638,marker/water.png,<center><a href='http://shibakin.g1.xrea.com/kitayama2/html5/Project33.html' target='_blank'>北山本門寺の仁王門(360度パノラマ写真)</a></center>北山本門寺（きたやまほんもんじ）は日蓮宗の七大本山の1つで、日蓮の弟子である日興によって1293年に開山されました。今川氏の衰退後は武田信玄の一派により寺宝を略奪されるなどの不遇の時代を迎えましたが、徳川家の時代になると厚い保護を受け栄えました。
35.2757,138.6078021,marker/water.png,<center><a href='http://shibakin.g1.xrea.com/kitayama3/html5/Project33.html' target='_blank'>北山本門寺の紫陽花(360度パノラマ写真)</a></center>仁王門を抜け西側にある法喜門の参道にある紫陽花です。
35.039567,138.9620322,marker/water.png,<center><a href='http://shibakin.g1.xrea.com/nirayama/html5/Project33.html' target='_blank'>韮山反射炉(360度パノラマ写真)</a></center>反射炉とは、金属を溶かし大砲などを鋳造するための溶解炉、幕末期、欧米諸国の開国要請に対抗して日本を守るために、韮山代官であった江川太郎左衛門が、幕府に進言して築いたもので、2015年には「明治日本の産業革命遺産 製鉄・製鋼、造船、石炭産業」として世界文化遺産に登録された。
35.243317,138.6270496,marker/water.png,<center><a href='http://shibakin.g1.xrea.com/sainokawara/html5/Project33.html' target='_blank'>賽の河原の六地蔵(360度パノラマ写真)</a></center>「賽の河原」とは「三途の河原」のことです。親に先立って死亡した子供がその親不孝の報いで苦を受ける場所とされ、またもうひとつ別の考えでは六地蔵や道祖神などの石仏を設置して、神聖な富士山に災厄を入れないようにするための「結界（※仏教用語で空間を仕切ること）」の役割をしていたと考えられています。
35.2613427,138.5793828,marker/water.png,<center><a href='http://shibakin.g1.xrea.com/shimonobou/html5/Project33.html' target='_blank'>下之坊の藤棚(360度パノラマ写真)</a></center>日蓮正宗の寺院で山号は大日蓮華山（だいにちれんげさん）。大石寺の「上の御坊」に対して「下の御坊」と呼ばれるようになったと言われています。長さ100m以上もある藤棚が有名でゴールデンウィーク頃には見ごろとなり、多くの観光客で賑わいます。
35.3643733,138.5616913,marker/water.png,<center><a href='http://shibakin.g1.xrea.com/jinba2/html5/Project33.html' target='_blank'>陣馬の滝　太鼓石(360度パノラマ写真)</a></center>陣馬の滝は富士宮市猪之頭の五斗目木川にかかる滝で、源頼朝が富士の巻狩りで近くに陣を張ったことからその名前があります。この滝の近くにある遠照寺というお寺には、源頼朝がこの滝で見つけた太鼓石が奉納され、遠照寺の横を流れる撫川近くに置かれています。
35.226406,138.635562,marker/water.png,<center><a href='http://shibakin.g1.xrea.com/kuonji1/html5/Project33.html' target='_blank'>久遠寺の本堂(360度パノラマ写真)</a></center>日蓮宗の本山（由緒寺院）で山号は「富士山」。上条大石寺、北山本門寺、西山本門寺、下条妙蓮寺とともに日興門流の「富士五山」のひとつです。
35.2264307,138.6362005,marker/water.png,<center><a href='http://shibakin.g1.xrea.com/kuonji2/html5/Project33.html' target='_blank'>久遠寺の境内(360度パノラマ写真)</a></center>久遠寺は大石寺を開山した日興の弟子である日郷が、1334年に大石寺にあった坊を小泉の地に移したのが始まりとされています。
35.2480407,138.5606527,marker/water.png,<center><a href='http://shibakin.g1.xrea.com/oshikakubo/html5/Project33.html' target='_blank'>大鹿窪遺跡(360度パノラマ写真)</a></center>国指定史跡の縄文時代の日本最古の定住集落跡です。遺跡は14基の竪穴状遺構（たてあなじょういこう）が半円形に配置されています。遺物として2万点以上の石器・土器が発見されています。
35.2257364,138.6115069,marker/water.png,<center><a href='http://shibakin.g1.xrea.com/nagayamon/html5/Project33.html' target='_blank'>長屋門(360度パノラマ写真)</a></center>平成15年富士宮市は旧・料亭「高しま屋」跡を取得し、平成20年小民家再生事業として長屋門を修復しました。その後、富士宮市は民間業者との間で借地権契約を結び、地産地消のビュッフェレストラン「SAKUYA Nagayamon Dining（サクヤ・ナガヤモン・ダイニング）」として、現在に至っています。
35.2799097,138.6598589,marker/water.png,<center><a href='http://shibakin.g1.xrea.com/kaedenosato/html5/Project33.html' target='_blank'>かえでの里(360度パノラマ写真)</a></center>富士山スカイライン入り口の東側には「富士山さくらの園」が、西側には「かえでの里」があります。この「かえでの里」は富士宮ライオンズクラブが、1999年に結成35周年を記念し、かえでの植栽作業を行った場所です。
35.3212791,138.8806731,marker/water.png,<center><a href='http://shibakin.g1.xrea.com/g-sakura/html5/Project33.html' target='_blank'>御殿場市桜公園(360度パノラマ写真)</a></center>空中水平回廊・花のうずまき山・ローラー滑り台・ミニフィールドアスレチック・展望台等々があります。御殿場市営の公園で、近くには米軍基地と自衛隊の駐屯地があります。
35.139059,138.693026,marker/water.png,<center><a href='http://shibakin.g1.xrea.com/tago1/html5/Project33.html' target='_blank'>凪ぎの田子ノ浦港(360度パノラマ写真)</a></center>富士市田子の浦港付近の海岸で怖いのは高潮による被害で、古文書などによると台風（低気圧）の高潮による被害が多く発生していることがわかります。高潮被害は古くからこの地では「田子浦海嘯（かいしょう）」と呼ばれ恐れられてきました。
35.139094,138.692887,marker/water.png,<center><a href='http://shibakin.g1.xrea.com/tago2/html5/Project33.html' target='_blank'>夜の田子ノ浦港(360度パノラマ写真)</a></center>海岸沿いの工場夜景がきれいな場所です。
35.1392903,138.6912165,marker/water.png,<center><a href='http://shibakin.g1.xrea.com/tago6/html5/Project33.html' target='_blank'>漁業組合の食堂(360度パノラマ写真)</a></center>田子の浦はシラス漁で有名です。ここでは漁協により一般向けにシラス料理の食堂が営業しています。
35.1346285,138.6978801,marker/water.png,<center><a href='http://shibakin.g1.xrea.com/tago7/html5/Project33.html' target='_blank'>田子ノ浦港の灯台(360度パノラマ写真)</a></center>田子の浦湾西側の白灯台です。
35.1550288,138.6219128,marker/water.png,<center><a href='http://shibakin.g1.xrea.com/fujikawa4/html5/Project33.html' target='_blank'>河口堰(360度パノラマ写真)</a></center>旧国道1号線富士川鉄橋の下です。晴れていれば富士山が見えるのに残念。
35.1483914,138.6234799,marker/water.png,<center><a href='http://shibakin.g1.xrea.com/fujikawa5/html5/Project33.html' target='_blank'>河川敷の彼岸花(360度パノラマ写真)</a></center>仏教では良い事が起こる前触れとして赤い花が天から降ってくると言われ、その花を「天上の花」と呼んでいます。夏も終わり頃となると富士川の河川敷は「天上の花」でいっぱいになります。
35.1866608,138.6787932,marker/water.png,<center><a href='http://shibakin.g1.xrea.com/hiromi1/html5/Project2.html' target='_blank'>広見公園の旧稲垣家(360度パノラマ写真)</a></center>国登録有形文化財であった富士市大淵の稲垣家住宅は、文化元年（1804）に建築された建築年代のはっきりした建物の中では富士市内で最も古い茅葺屋根の民家建築でありました。平成18年に8代目の現当主から寄贈を受け、同年10月に富士市指定有形文化財となり、広見公園ふるさと村構想に基づきこの地に移築されました。
35.1861833,138.6796525,marker/water.png,<center><a href='http://shibakin.g1.xrea.com/hiromi2/html5/Project33.html' target='_blank'>広見公園の旧杉浦病院(360度パノラマ写真)</a></center>大正時代、旧東海道沿いの吉原伝馬町地区（現在：富士中央町1丁目）医院として開院以来70年ほどの間、杉浦家二代に渡って医療に貢献してきましたが、昭和63年（1988年）に閉院されそれに伴い広見公園に移築復元されました。
35.3460983,138.5589968,marker/water.png,<center><a href='http://shibakin.g1.xrea.com/tanuki5/html5/Project33.html' target='_blank'>凍結した湖面(360度パノラマ写真)</a></center>2014/01/17に撮影
35.1731709,138.6262593,marker/water.png,<center><a href='http://shibakin.g1.xrea.com/jisouji1/html5/Project33.html' target='_blank'>実相寺の一切経蔵(360度パノラマ写真)</a></center>日蓮上人が法華経の普及活動を初めてまもなくの頃、 異常気象や地震がおこり、疫病がはやって天地が乱れていたため、その原因と対策を究明するため、この寺の一切経蔵に入蔵して一切経（お釈迦様の生涯の教えが全部書かれている。全部で6174巻）を閲読し、災害から諸人を救済する方策として「立正安国論」をここでまとめ上げました。
35.1731446,138.6260897,marker/water.png,<center><a href='http://shibakin.g1.xrea.com/jisouji2/html5/Project33.html' target='_blank'>実相寺の高座石(360度パノラマ写真)</a></center>日蓮聖人がここに座り弟子たちに説法をしたとされる高座石です。
35.1727722,138.6269274,marker/water.png,<center><a href='http://shibakin.g1.xrea.com/jisouji3/html5/Project33.html' target='_blank'>実相寺の本堂(360度パノラマ写真)</a></center>実相寺は日蓮宗霊跡本山で寺格は総本山に次ぐ、由緒あるお寺です。「霊跡本山」は全国に１４箇所あり、日蓮の重要な遺跡及び宗門史上顕著な沿革のある寺院とされています。日蓮はこの寺で「立正安国論」を説き、この 寺にある一切経蔵に2年間にわたり籠り、書物としてまとめました。
35.1720422,138.6275714,marker/water.png,<center><a href='http://shibakin.g1.xrea.com/jisouji4/html5/Project33.html' target='_blank'>実相寺の仁王門と桜(360度パノラマ写真)</a></center>武田信玄の兵火で焼失後、江戸前期に建立された仁王門。左右で高さ2.4mの仁王像が睨みをきかせています。
35.1482652,138.5977243,marker/water.png,<center><a href='http://shibakin.g1.xrea.com/nodayama/html5/Project33.html' target='_blank'>野田山健康緑地公園(360度パノラマ写真)</a></center>2019年12月から2021年3月上旬（予定）までキャンプ場の再整備工事を行っています。※安全確保のため、キャンプに限らず敷地内へ入ることはできません。
35.1017731,138.5568978,marker/water.png,<center><a href='http://shibakin.g1.xrea.com/yui/html5/Project33.html' target='_blank'>由比漁港浜のかきあげや(360度パノラマ写真)</a></center>国道一号線沿いにある由比漁港は桜えびの水揚げ港として有名です。桜えびは駿河湾と相模湾に分布し、焼津の大井川魚港とここ由比漁港でしか水揚げされません。桜えびのＰＲと地域の活性化を図るために由比漁業協同組合が「浜のかきあげや」という桜えびをメニューの中心とした食堂をオープンして営業しています。
35.1950393,138.7707972,marker/water.png,<center><a href='http://shibakin.g1.xrea.com/sudogawa/html5/Project33.html' target='_blank'>須津川渓谷　大棚の滝(360度パノラマ写真)</a></center>紅葉のスポット須津川渓谷に架かる須津渓谷橋の下に「大棚の滝」があります。須津渓谷橋からバンジージャンプ体験を楽しむことができるようになりました。
35.339375,138.593629,marker/water.png,<center><a href='http://shibakin.g1.xrea.com/milkland1/html5/Project33.html' target='_blank'>富士ミルクランドの山羊(360度パノラマ写真)</a></center>富士ミルクランドの魅力はなんといっても入場料が無料ということです。また有料の宿泊施設もあります。ここで生産される新鮮なミルクを使った商品や、地元の農家が栽培した野菜も売られています。小さいお子さんだったら、動物達とふれあいながらのんびりとした時間を楽しむことが出来ます。
35.33964,138.593457,marker/water.png,<center><a href='http://shibakin.g1.xrea.com/milkland2/html5/Project33.html' target='_blank'>牛の乳搾り体験(360度パノラマ写真)</a></center>乳搾りやバター作り、牧草狩り等の酪農体験が楽しめます。また、ここで生産される新鮮なミルクを使った牛乳、チーズやヨーグルト、アイスクリームなどの販売、レストラン、売店等も充実しています。
35.127582,138.667021,marker/water.png,<center><a href='http://shibakin.g1.xrea.com/nyudou/html5/Project33.html' target='_blank'>入道樋門公園の夜(360度パノラマ写真)</a></center>トイレと駐車場完備、混雑もなく静かに夜景が楽しめます。
35.126535,138.656342,marker/water.png,<center><a href='http://shibakin.g1.xrea.com/dianago/html5/Project33.html' target='_blank'>ディアナ号の錨(360度パノラマ写真)</a></center>ロシア軍艦ディアナ号は、日本に開国と通商を求めて来航しましたが、安政大地震に遭遇して大破。修理のために戸田港に向かいましたが、途中強い西風により漂流し、富士市の三四軒屋沖に沈没したと伝えられています。海底に沈んだ錨は、昭和51年8月に引き上げられ、この地に展示されています。
35.140633,138.712985,marker/water.png,<center><a href='http://shibakin.g1.xrea.com/bisyamon/html5/Project33.html' target='_blank'>吉原の毘沙門天(360度パノラマ写真)</a></center>「毘沙門さん」と呼ばれているこのお寺の建物は和風、中華風、インド風入り乱れていますが、宗派は日蓮宗で1627年、日深上人により創建されました。この寺の毘沙門天大祭は日本三大だるま市の1つとして有名で、来場者は全国一とされています。 
35.081148,138.854841,marker/water.png,<center><a href='http://shibakin.g1.xrea.com/byuo/html5/Project33.html' target='_blank'>展望水門　びゅうお(360度パノラマ写真)</a></center>津波から沼津港を守るために作られた水門で、観光用として展望台にエレベーターで昇ることもでき、夜にはライトアップもされます。
35.4275365,138.6116523,marker/water.png,<center><a href='http://shibakin.g1.xrea.com/fujigamine/html5/Project33.html' target='_blank'>富士ヶ嶺公園(360度パノラマ写真)</a></center>オウム真理教最大の拠点があった山梨県内のサティアン跡地に富士河口湖町が7000㎡の公園を造り、その隅に「慰霊碑」という3文字が書かれている石碑を建てました。富士宮の本部とは反対に聖地化を恐れ、その石碑には碑文はまったくありません。
35.166288,138.723576,marker/water.png,<center><a href='http://shibakin.g1.xrea.com/izuminosato/html5/Project33.html' target='_blank'>泉の里湧水公園(360度パノラマ写真)</a></center>医王寺の参道の一部がこの公園となっています。池には大きな鯉が泳いでおり、この場所から少し離れた小さな池は、子供達が水遊びをすることができます。
35.297266,138.868837,marker/water.png,<center><a href='http://shibakin.g1.xrea.com/zyukuu/html5/Project33.html' target='_blank'>富士山樹空の森(360度パノラマ写真)</a></center>「富士山情報発信」「自衛隊との交流」「地域活性」 の役割を担う御殿場市の新たな観光拠点です。
35.114865,138.611697,marker/water.png,<center><a href='http://shibakin.g1.xrea.com/hosuiro/html5/Project33.html' target='_blank'>日本軽金　放水路(360度パノラマ写真)</a></center>富士川から引いた水を発電に利用した後に駿河湾に戻すための放水路です。
35.12841,138.666107,marker/water.png,<center><a href='http://shibakin.g1.xrea.com/poripura/html5/Project33.html' target='_blank'>ポリプラスチックスス富士工場(360度パノラマ写真)</a></center>工場夜景として富士市が観光セールスをしている場所の目玉施設のひとつです。
35.158747,138.667366,marker/water.png,<center><a href='http://shibakin.g1.xrea.com/roze1/html5/Project33.html' target='_blank'>ロゼシアター　１階(360度パノラマ写真)</a></center>国内外のアーティストや地域の文化活動にも利用される富士市が運営する文化施設です。大ホール　1632席（1階1210席 2階422席）中ホール700席 小ホール326席
35.158936,138.66824,marker/water.png,<center><a href='http://shibakin.g1.xrea.com/roze2/html5/Project33.html' target='_blank'>ロゼシアター　２階(360度パノラマ写真)</a></center>会場へのアクセスは、JR「富士駅」及び「新富士駅」いずれも北口より車で約10分。「東名高速富士I.C」より約2.3㎞、駐車場は216台分用意されています。
35.010894,138.519993,marker/water.png,<center><a href='http://shibakin.g1.xrea.com/shinyou/html5/Project33.html' target='_blank'>特攻兵器「震洋」基地跡(360度パノラマ写真)</a></center>震洋は太平洋戦争末期における海上特攻兵器です。その基地跡が現在も残っています。
35.23769,138.619903,marker/water.png,<center><a href='http://shibakin.g1.xrea.com/hibarigaoka/html5/Project33.html' target='_blank'>ひばりが丘の歩道橋(360度パノラマ写真)</a></center>国道139号線に架かる歩道橋からの風景です。
35.099411,138.557595,marker/water.png,<center><a href='http://shibakin.g1.xrea.com/yui2/html5/Project33.html' target='_blank'>由比漁港(360度パノラマ写真)</a></center>釣り人の間ではここを旧堤防といい、外側の堤防を新堤防と呼んでいるようです。
35.107599,138.567052,marker/water.png,<center><a href='http://shibakin.g1.xrea.com/yuihonjin/html5/Project33.html' target='_blank'>由比本陣公園(360度パノラマ写真)</a></center>東海道五十三次の中で十六 番目の宿場町として栄え、江戸時代に参勤交代で訪れる大名の宿として設けられた本陣 の跡がこの「由比本陣公園」です。東海道五十三次と言えば、歌川広重の版画が有名ですが、その歌川広重の版画を展示した広重美術館がここにあります。
35.370978,138.567096,marker/water.png,<center><a href='http://shibakin.g1.xrea.com/masu2/html5/Project33.html' target='_blank'>富士養鱒場(360度パノラマ写真)</a></center>富士養鱒場は静岡県が運営するニジマスを中心とする淡水性マス類の養殖研究施設で昭和８年に開設された歴史のある施設です。敷地内には釣り堀（有料）がありニジマス釣りが楽しめます。
35.171168,138.711735,marker/water.png,<center><a href='http://shibakin.g1.xrea.com/eimeiji/html5/Project33.html' target='_blank'>永明寺の庭(360度パノラマ写真)</a></center>行基により756年、真言宗の寺として開山しましたが、1472年に行之正順により曹洞宗に改宗、大富山（だいふさん）永明寺（ようめいじ）と改号しました。湧水豊かな「水の寺」として知られ、それを活かした回遊式庭園が有名です。
35.150293,138.663749,marker/water.png,<center><a href='http://shibakin.g1.xrea.com/tadehara/html5/Project33.html' target='_blank'>蓼原大橋(360度パノラマ写真)</a></center>新幹線の新富士駅から富士宮に向かう途中で東海道線を高架橋で渡ります。橋を登りきったところで真正面に富士山が見えますが、あいにくこの日は雲がかかってダメでした。この橋の下の大興製紙工場は「工場夜景」のひとつでここも見ごたえがあります。
35.338281,138.584975,marker/water.png,<center><a href='http://shibakin.g1.xrea.com/makaino/html5/Project33.html' target='_blank'>まかいの牧場(360度パノラマ写真)</a></center>「まかいの牧場」は国道139号線沿いにありアクセスの良さが売りです。売店・食堂エリアは無料開放していますが、動物とのふれあいエリアは入園料が必要です。
35.171833,138.709947,marker/water.png,<center><a href='http://shibakin.g1.xrea.com/yoroi2/html5/Project33.html' target='_blank'>鎧ケ渕親水公園 水場 (360度パノラマ写真)</a></center>滝川の川原に設けた小さな公園です。名前の由来は源頼朝が富士川合戦の際に、この川の上流にあった大きな岩に鎧をかけ体を洗ったとことから、「鎧ヶ渕」と呼ぶようになったと言われています。
35.170929,138.710601,marker/water.png,<center><a href='http://shibakin.g1.xrea.com/yoroi/html5/Project33.html' target='_blank'>鎧ケ渕親水公園 (360度パノラマ写真)</a></center>滝川の川原に設けた小さな公園です。名前の由来は源頼朝が富士川合戦の際に、この川の上流にあった大きな岩に鎧をかけ体を洗ったとことから、「鎧ヶ渕」と呼ぶようになったと言われています。
35.158741,138.635132,marker/water.png,<center><a href='http://shibakin.g1.xrea.com/gosyo/html5/Project33.html' target='_blank'>護所神社(360度パノラマ写真)</a></center>富士川の氾濫を抑える為の雁堤（かりがねづつみ）の造成にあたり、通行人が人柱（神）となりました。雁堤を守ったといわれてる。その人柱（神）を祀った神社です。  
35.378691,138.423818,marker/water.png,<center><a href='http://shibakin.g1.xrea.com/minobu1/html5/Project33.html' target='_blank'>久遠寺　三門(360度パノラマ写真)</a></center>「三門」とは三解脱門の意味で、涅槃に入るための空・無相・無作の三つの解脱門を擬したものです。迷いから解放されようとする者は必ず通らなければならない門で、形状的には中央の大きな門の両側に小さな門を設け、この3つの門を三門と呼ぶようになりました。
35.381594,138.4245,marker/water.png,<center><a href='http://shibakin.g1.xrea.com/minobu2/html5/Project33.html' target='_blank'>久遠寺　大本堂(360度パノラマ写真)</a></center>日蓮中総本山　身延山久遠寺の本堂です。
35.396834,138.417232,marker/water.png,<center><a href='http://shibakin.g1.xrea.com/minobu3/html5/Project33.html' target='_blank'>久遠寺　奥之院思親閣(360度パノラマ写真)</a></center>奥之院の頂上は海抜1247メートルで標高1153メートル、日蓮聖人が両親の追善を祈った場所といわれています。昔は本堂から3時間かけて登ったそうですが、現在はロープウェイで約７分で頂上に到着します。
35.267676,138.578928,marker/water.png,<center><a href='http://shibakin.g1.xrea.com/myourenji1/html5/Project33.html' target='_blank'>妙蓮寺　表参道(360度パノラマ写真)</a></center>現在の境内地は、戦後の農地解放で縮小されているが、妙蓮寺の寺名ともなっている妙蓮尊尼の墓所と総門（消失）の位置から、かつては南北で1km以上の境内地を有していたと考えられます。 
35.268761,138.578521,marker/water.png,<center><a href='http://shibakin.g1.xrea.com/myourenji2/html5/Project33.html' target='_blank'>妙蓮寺　表門(360度パノラマ写真)</a></center>大石寺、北山本門寺、西山本門寺、小泉久遠寺とともに日興門流の「富士五山」を構成します。宗派は日蓮正宗、山号は多宝富士山。正式名称は妙蓮寺といいます。
35.268884,138.57851,marker/water.png,<center><a href='http://shibakin.g1.xrea.com/myourenji3/html5/Project33.html' target='_blank'>妙蓮寺　客殿(360度パノラマ写真)</a></center>客殿です。
35.269252,138.579357,marker/water.png,<center><a href='http://shibakin.g1.xrea.com/myourenji4/html5/Project33.html' target='_blank'>妙蓮寺　本堂(御影堂)(360度パノラマ写真)</a></center>大石寺を開山するに当たって多くの経済的な援助をした地頭の南条時光が妻妙蓮尼の一周忌供養のため自らの邸宅跡を寺院とし、開山には大石寺開山に尽力した日華上人を招いて1324年に建立しました。  
35.268297,138.578328,marker/water.png,<center><a href='http://shibakin.g1.xrea.com/myourenji5/html5/Project33.html' target='_blank'>妙蓮寺　塔中(360度パノラマ写真)</a></center>塔中に7ヶ坊があります。
35.362059,138.872401,marker/water.png,<center><a href='http://shibakin.g1.xrea.com/ina/html5/Project33.html' target='_blank'>伊奈神社(360度パノラマ写真)</a></center>宝永噴火によって壊滅した村を救うために、独断で駿府代官所の米蔵を解放し、飢えに苦しむ住民達に分け与えました。そのため伊奈半左衛門忠順は幕府からお役目御免となりその後、切腹してしまいました。ここは伊奈半左衛門忠順を祭って建てられた神社で、今もなおこの地方の人々の心をとらえています。  
35.390336,138.577681,marker/water.png,<center><a href='http://shibakin.g1.xrea.com/koinobori/html5/Project33.html' target='_blank'>鯉のぼりの丘(360度パノラマ写真)</a></center>ゴールデンウィークが近くなると、この丘に鯉のぼりが泳ぎます。
35.081727,138.857078,marker/water.png,<center><a href='http://shibakin.g1.xrea.com/numazukou1/html5/Project33.html' target='_blank'>沼津港(360度パノラマ写真)</a></center>沼津港から見える富士山と展望水門　びゅうおです。
35.080192,138.852703,marker/water.png,<center><a href='http://shibakin.g1.xrea.com/numazukou2/html5/Project33.html' target='_blank'>沼津港(360度パノラマ写真)</a></center>沼津魚市場第二市場で大型船が横付けできます。マーケットモ―ル側の第一市場（通称「イーノ」）では、観光客用に見学者通路、展望デッキ、食堂など観光要素を合築させた複合施設となっています。
35.07878,138.851673,marker/water.png,<center><a href='http://shibakin.g1.xrea.com/numazukou3/html5/Project33.html' target='_blank'>沼津港の灯台(360度パノラマ写真)</a></center>沼津港の最先端、赤灯台です。
35.282183,138.64011,marker/water.png,<center><a href='http://shibakin.g1.xrea.com/kiseki/html5/Project33.html' target='_blank'>奇石博物館(360度パノラマ写真)</a></center>富士宮市の天母山にある奇石博物館は世界中のめずらしい石を集め展示している博物館です。ここの博物館は19才という若さで逝去した作曲家植本一雄の父植本十一が開園しました。園内の芝生広場（ここは無料）には植本一雄の死を悼み柳原百蓮が詠んだ歌碑があります。
35.218268,138.659616,marker/water.png,<center><a href='http://shibakin.g1.xrea.com/anyoji/html5/Project33.html' target='_blank'>安養寺の狸(360度パノラマ写真)</a></center>富士宮市杉田にある安養寺は｢狸寺｣という異名を持っています。曹洞宗のお寺で禅寺に特徴的な大きな石の滝組と石造群が山門近くにあります。その中で一番目を引くのは｢狸の石造｣です。この石造の土台には「狸寺のいわれ」が刻まれています。  
35.218387,138.659225,marker/water.png,<center><a href='http://shibakin.g1.xrea.com/anyoji2/html5/Project33.html' target='_blank'>安養寺の境内(360度パノラマ写真)</a></center>安養寺には「狸伝説」のほかに、猫に関わる伝承や、かぐや姫説話を含む富士山縁起が伝わっている。
35.139949,138.746349,marker/water.png,<center><a href='http://shibakin.g1.xrea.com/ukishima1/html5/Project33.html' target='_blank'>浮島ヶ原自然公園(360度パノラマ写真)</a></center>この沼には環境省のレッドデータブックに記載された貴重な植物が分布していることから、富士市が自然を保全し、身近にその自然観察が出来る自然公園として整備しました。 　
35.139587,138.74509,marker/water.png,<center><a href='http://shibakin.g1.xrea.com/ukishima2/html5/Project33.html' target='_blank'>浮島ヶ原自然公園(360度パノラマ写真)</a></center>この公園がある場所は、かつて大小の沼が点在しており富士講の富士八海めぐりのひとつとして「須津湖」ともよばれていました。埋め立て工事が行われ、現時は工場や休耕田となっていますが、地盤が軟弱であるために、道路の敷設や建築の基礎工事にはかなり苦労するようです。東海道新幹線もこの地を避けてルートを北に移したそうです。
35.298629,138.860013,marker/water.png,<center><a href='http://shibakin.g1.xrea.com/inno/html5/Project33.html' target='_blank'>印野の溶岩隧道（御胎内神社）(360度パノラマ写真)</a></center>富士山の噴火によって生じた溶岩洞窟で、国指定の天然記念物です。長さ155mのU字形の隧道は、内部が人間の胎内に似ていることから御胎内とも呼ばれています。
35.28556,138.533443,marker/water.png,<center><a href='http://shibakin.g1.xrea.com/kamiinago/html5/Project33.html' target='_blank'>上稲子の林道起点(360度パノラマ写真)</a></center>観光ガイドによると、この先に「天子の七滝」「上稲子遊歩道」があるらしいです。橋を渡った先に駐車場があります。
35.460722,138.600463,marker/water.png,<center><a href='http://shibakin.g1.xrea.com/moguran/html5/Project33.html' target='_blank'>本栖湖　もぐらん(360度パノラマ写真)</a></center>本栖湖に浮かぶ潜水艦型遊覧船。 一見すると潜水艦風ですが、あくまでも船で潜らないので、その名も「 もぐらん」、笑える。
35.440817,138.853508,marker/water.png,<center><a href='http://shibakin.g1.xrea.com/hananomiyako/html5/Project33.html' target='_blank'>花の都公園(360度パノラマ写真)</a></center>この公園には有料エリアと無料エリアがあって、ここは無料で観覧できます。ただし車での来園の場合、駐車料金が必要です。
35.221682,138.615049,marker/water.png,<center><a href='http://shibakin.g1.xrea.com/miyaeki/html5/Project33.html' target='_blank'>富士宮駅前ロータリー(360度パノラマ写真)</a></center>富士宮市は市域の南部に公共機関が集中し市街地を構成しています。市街地は富士宮駅を中心に北側が浅間大社の門前町のような町並みで、南側は大型商業施設イオンモール富士宮と工場等があります。この場所は富士宮駅前ロータリーの2階部分で下はバスのロータリーとなっています。天気が良ければ富士山が見えます。（2012年9月撮影）
35.487524,138.450624,marker/water.png,<center><a href='http://shibakin.g1.xrea.com/nakatomi/html5/Project33.html' target='_blank'>なかとみ和紙の里(360度パノラマ写真)</a></center>和紙の持つさまざまな魅力に出会い、手漉きの醍醐味を味わいながら、文化と芸術にふれ、旬を食す憩いの場です。
35.26174,138.616707,marker/water.png,<center><a href='http://shibakin.g1.xrea.com/manno/html5/Project34.html' target='_blank'>万野風穴(360度パノラマ写真)</a></center>国指定天然記念物「万野風穴」は約1万年前に富士山麓から流失した万野溶岩流によって形成された総延長約900mの大規模な風穴です。
